neighborhood,geometry,crime_gravity
Adams-Normandie,"POLYGON ((-118.309008 34.037411, -118.291508 34.036812, -118.291408 34.025512, -118.309008 34.025612, -118.309008 34.037411))",88.96845637583893
Alhambra,"POLYGON ((-118.121747 34.10504, -118.116866 34.107322, -118.112933 34.10173, -118.112707 34.093873, -118.108399 34.095598, -118.109401 34.069841, -118.135707 34.069741, -118.135502 34.062457, -118.144632 34.059932, -118.164835 34.062283, -118.160496 34.075131, -118.160673 34.093741, -118.15529 34.098672, -118.141783 34.098682, -118.141831 34.103972, -118.134694 34.10392, -118.135296 34.10645, -118.127935 34.111146, -118.121747 34.10504))",88.75268817204301
Arleta,"POLYGON ((-118.422015 34.224103, -118.422815 34.221703, -118.427815 34.221703, -118.451816 34.251702, -118.4423 34.264497, -118.409699 34.233395, -118.422015 34.224103))",89.5827850877193
Arlington Heights,"POLYGON ((-118.315909 34.052611, -118.313409 34.052711, -118.313408 34.037511, -118.333809 34.035011, -118.323009 34.05481, -118.315909 34.052611))",88.43305983590155
Atwater Village,"POLYGON ((-118.278325 34.153007, -118.275613 34.153261, -118.260356 34.124827, -118.246007 34.112109, -118.249107 34.108609, -118.258808 34.109009, -118.265708 34.113909, -118.273308 34.128908, -118.278325 34.153007))",88.35011618900077
Baldwin Hills/Crenshaw,"POLYGON ((-118.356261 34.024836, -118.335109 34.022712, -118.335009 34.008312, -118.341903 34.004572, -118.351201 34.004626, -118.357805 33.997145, -118.357543 34.009145, -118.365027 34.005555, -118.367173 34.007088, -118.366719 34.015622, -118.372649 34.015839, -118.373093 34.011913, -118.372627 34.018471, -118.377973 34.018018, -118.380483 34.020836, -118.376548 34.026796, -118.356261 34.024836))",85.70858637765113
Bel-Air,"POLYGON ((-118.469015 34.129506, -118.458514 34.129306, -118.459414 34.126706, -118.455614 34.124307, -118.456814 34.109207, -118.452614 34.104807, -118.451014 34.106007, -118.447013 34.099707, -118.442313 34.098408, -118.436513 34.088108, -118.435313 34.080608, -118.444013 34.077008, -118.445313 34.073708, -118.453913 34.076908, -118.465995 34.073223, -118.47456 34.083858, -118.482018 34.117837, -118.471615 34.130906, -118.469015 34.129506))",93.23345935727788
Beverly Crest,"POLYGON ((-118.453214 34.131806, -118.443414 34.130006, -118.431113 34.132007, -118.415613 34.126207, -118.414213 34.129007, -118.406913 34.128907, -118.397412 34.119107, -118.387612 34.123407, -118.386912 34.121807, -118.392112 34.120407, -118.388812 34.118707, -118.391712 34.117007, -118.39158 34.112426, -118.400073 34.110935, -118.400888 34.093994, -118.40532 34.0963, -118.40541 34.101461, -118.40826 34.101502, -118.411883 34.092244, -118.413934 34.094268, -118.42274 34.094315, -118.422689 34.090561, -118.427041 34.090631, -118.426962 34.083044, -118.422778 34.083093, -118.422647 34.080009, -118.429012 34.079108, -118.434813 34.082408, -118.442313 34.098408, -118.447013 34.099707, -118.451014 34.106007, -118.452614 34.104807, -118.456814 34.109207, -118.455614 34.124307, -118.459414 34.126706, -118.459614 34.130406, -118.453214 34.131806))",93.13568281938326
Beverly Grove,"POLYGON ((-118.372486 34.085755, -118.36643 34.087139, -118.366443 34.088924, -118.361716 34.087201, -118.36151 34.06301, -118.372231 34.064201, -118.375864 34.070299, -118.383728 34.069684, -118.383764 34.072122, -118.390704 34.072083, -118.390718 34.076501, -118.377192 34.076479, -118.37525 34.082011, -118.370294 34.080169, -118.370302 34.083157, -118.377033 34.08304, -118.376951 34.08863, -118.372498 34.090256, -118.372486 34.085755))",83.24700102821889
Beverly Hills,"POLYGON ((-118.39114 34.112423, -118.392081 34.099794, -118.396504 34.095066, -118.395728 34.090586, -118.389755 34.088495, -118.390704 34.072083, -118.383764 34.072122, -118.383728 34.069684, -118.375864 34.070299, -118.372244 34.0622, -118.377266 34.059384, -118.37733 34.062954, -118.383534 34.062937, -118.383666 34.057099, -118.405922 34.057104, -118.406023 34.052666, -118.418462 34.072361, -118.423289 34.075689, -118.422778 34.083093, -118.426962 34.083044, -118.427041 34.090631, -118.422689 34.090561, -118.42274 34.094315, -118.413934 34.094268, -118.411883 34.092244, -118.40826 34.101502, -118.40541 34.101461, -118.40532 34.0963, -118.400888 34.093994, -118.400073 34.110935, -118.39114 34.112423))",86.28571428571429
Beverlywood,"POLYGON ((-118.389611 34.05231, -118.389511 34.04951, -118.385411 34.04881, -118.38941 34.03471, -118.398511 34.03721, -118.398859 34.04548, -118.402553 34.046353, -118.401531 34.051967, -118.389611 34.05231))",90.45271122320302
Boyle Heights,"POLYGON ((-118.192705 34.061811, -118.191428 34.012761, -118.222913 34.014942, -118.230306 34.048012, -118.228906 34.053211, -118.207506 34.065211, -118.192805 34.063911, -118.192705 34.061811))",87.92662855162855
Brentwood,"POLYGON ((-118.488415 34.130006, -118.479985 34.130013, -118.476115 34.126006, -118.481864 34.118218, -118.482081 34.111323, -118.477201 34.104008, -118.474802 34.084476, -118.455161 34.060243, -118.458781 34.058073, -118.465336 34.066989, -118.468893 34.065871, -118.467953 34.06091, -118.459229 34.050795, -118.47096 34.041276, -118.477283 34.046699, -118.483766 34.04143, -118.494103 34.050249, -118.494368 34.06063, -118.496359 34.056019, -118.510006 34.046687, -118.507114 34.064108, -118.516515 34.072208, -118.515215 34.075008, -118.520515 34.081807, -118.518015 34.083107, -118.529216 34.122006, -118.527116 34.129106, -118.508516 34.131206, -118.504116 34.128006, -118.502016 34.130606, -118.488415 34.130006))",89.87900563216158
Broadway-Manchester,"POLYGON ((-118.278207 33.960014, -118.269506 33.960014, -118.269438 33.923102, -118.281265 33.923199, -118.280807 33.959914, -118.278207 33.960014))",89.25057339449542
Burbank,"POLYGON ((-118.292761 34.221654, -118.280209 34.207104, -118.280109 34.190205, -118.283377 34.185984, -118.288272 34.187154, -118.297599 34.177004, -118.29918 34.173276, -118.296887 34.17156, -118.31032 34.16076, -118.312189 34.155345, -118.32211 34.155727, -118.331028 34.148318, -118.345665 34.142367, -118.353103 34.161289, -118.357151 34.161287, -118.357158 34.164908, -118.354727 34.164909, -118.361151 34.194651, -118.370313 34.196379, -118.370312 34.201197, -118.362261 34.201234, -118.362987 34.206818, -118.33993 34.206503, -118.339806 34.211194, -118.334845 34.215514, -118.337462 34.221312, -118.292761 34.221654))",92.94520547945206
Calabasas,"POLYGON ((-118.694544 34.168418, -118.674377 34.168165, -118.674214 34.154664, -118.667512 34.154658, -118.665681 34.151364, -118.664372 34.154655, -118.658687 34.15465, -118.655224 34.161093, -118.654353 34.158113, -118.644722 34.157972, -118.645753 34.156004, -118.638483 34.157597, -118.629153 34.146899, -118.614971 34.147277, -118.614978 34.149267, -118.610146 34.14743, -118.615094 34.141479, -118.606203 34.139659, -118.606246 34.129001, -118.610609 34.129022, -118.61063 34.125331, -118.641107 34.125308, -118.644832 34.125322, -118.644955 34.129054, -118.650062 34.129071, -118.651805 34.1173, -118.688584 34.117466, -118.688684 34.114268, -118.706383 34.114267, -118.70669 34.107121, -118.710738 34.107185, -118.711343 34.103912, -118.711318 34.1098, -118.706419 34.124981, -118.719502 34.125008, -118.719685 34.136241, -118.724112 34.136312, -118.724134 34.1383, -118.729182 34.138433, -118.737024 34.143043, -118.73706 34.154353, -118.732324 34.154302, -118.726317 34.167875, -118.694544 34.168418))",67.0
Canoga Park,"POLYGON ((-118.603017 34.235306, -118.58832 34.235303, -118.588319 34.188204, -118.61462 34.186404, -118.614621 34.219404, -118.605814 34.219602, -118.603017 34.235306))",81.46286787726989
Carson,"POLYGON ((-118.257605 33.886268, -118.261512 33.880112, -118.248741 33.881717, -118.24866 33.87008, -118.235634 33.8679, -118.233891 33.846636, -118.205496 33.846623, -118.207332 33.839419, -118.215968 33.834384, -118.215762 33.826075, -118.224576 33.824288, -118.226622 33.829531, -118.228503 33.824375, -118.22394 33.806219, -118.230261 33.792772, -118.237482 33.800481, -118.258445 33.799442, -118.256512 33.804774, -118.264603 33.804697, -118.264502 33.799132, -118.286737 33.797818, -118.288767 33.801089, -118.284917 33.846239, -118.285254 33.854157, -118.290518 33.854223, -118.290523 33.858699, -118.281555 33.862802, -118.282729 33.885466, -118.257605 33.886268))",90.31884057971014
Carthay,"POLYGON ((-118.36841 34.06371, -118.36151 34.06301, -118.36691 34.05151, -118.37621 34.05331, -118.376001 34.059965, -118.372231 34.064201, -118.36841 34.06371))",91.65727391874181
Central-Alameda,"POLYGON ((-118.243306 34.020713, -118.239506 34.020013, -118.237918 33.989393, -118.256506 33.989215, -118.254407 34.019913, -118.250507 34.024513, -118.243306 34.020713))",88.95428290524764
Century City,"POLYGON ((-118.414428 34.064441, -118.405954 34.052626, -118.417111 34.04621, -118.424212 34.057509, -118.414428 34.064441))",73.00877527661198
Chatsworth,"POLYGON ((-118.585091 34.303478, -118.571762 34.298619, -118.570159 34.295804, -118.572476 34.294677, -118.569535 34.275455, -118.55982 34.274502, -118.556651 34.271214, -118.55782 34.259002, -118.56452 34.242503, -118.56322 34.234103, -118.571021 34.235582, -118.57102 34.231503, -118.580362 34.2315, -118.582319 34.235271, -118.604821 34.235303, -118.609147 34.238622, -118.620116 34.238527, -118.621889 34.242503, -118.631463 34.237018, -118.646981 34.238082, -118.649712 34.227115, -118.658735 34.224578, -118.659752 34.221149, -118.658959 34.215946, -118.652375 34.216419, -118.653241 34.212946, -118.662771 34.212923, -118.662764 34.209343, -118.667796 34.209329, -118.667546 34.240403, -118.632495 34.240426, -118.633249 34.269683, -118.625212 34.275033, -118.607336 34.277744, -118.596208 34.274521, -118.591014 34.282437, -118.590938 34.29767, -118.588533 34.303219, -118.585091 34.303478))",89.84268774703557
Chatsworth Reservoir,"POLYGON ((-118.620919 34.23905, -118.609147 34.238622, -118.604821 34.235303, -118.610553 34.234987, -118.61624 34.227149, -118.625314 34.227949, -118.631221 34.224703, -118.647094 34.223969, -118.647134 34.230495, -118.649086 34.229633, -118.646981 34.238082, -118.631463 34.237018, -118.621921 34.242503, -118.620919 34.23905))",84.43023255813954
Chesterfield Square,"POLYGON ((-118.308908 33.993013, -118.308907 33.974413, -118.317608 33.974413, -118.317108 33.993013, -118.308908 33.993013))",89.5634110787172
Cheviot Hills,"POLYGON ((-118.400911 34.02991, -118.414799 34.032282, -118.424812 34.04181, -118.406541 34.052297, -118.401531 34.051967, -118.402553 34.046353, -118.398859 34.04548, -118.398111 34.03571, -118.400911 34.02991))",93.14524043179588
Chinatown,"POLYGON ((-118.225106 34.07191, -118.227306 34.055111, -118.240207 34.058711, -118.249307 34.065311, -118.244407 34.069811, -118.235906 34.066911, -118.225106 34.07191))",87.21260040160642
Commerce,"POLYGON ((-118.146176 34.017933, -118.147534 34.009767, -118.127398 34.008033, -118.129763 33.993216, -118.125179 33.990955, -118.128605 33.985303, -118.133165 33.984557, -118.121211 33.972899, -118.124913 33.970528, -118.130595 33.97319, -118.150271 33.974152, -118.149732 33.977484, -118.167315 33.979336, -118.170471 33.987889, -118.161805 33.98736, -118.161087 33.992018, -118.152089 33.991986, -118.193514 34.009707, -118.192231 34.016547, -118.181294 34.015664, -118.18124 34.012036, -118.175913 34.011411, -118.1759 34.018273, -118.158902 34.010619, -118.153653 34.01963, -118.146176 34.017933))",79.83333333333333
Culver City,"POLYGON ((-118.37157 34.030662, -118.375632 34.029048, -118.380483 34.020836, -118.377973 34.018018, -118.372627 34.018471, -118.373093 34.011913, -118.384329 34.012486, -118.390742 34.002014, -118.38241 34.000312, -118.385894 33.993504, -118.38341 33.992312, -118.388007 33.988911, -118.382209 33.988956, -118.37891 33.992712, -118.378837 33.988519, -118.386735 33.976719, -118.39765 33.98207, -118.395085 33.983818, -118.398288 33.987597, -118.401239 33.986386, -118.407856 33.992117, -118.40118 33.999727, -118.400175 34.00204, -118.402768 34.003465, -118.405889 33.999236, -118.41436 34.003662, -118.419674 33.997608, -118.431102 33.996381, -118.430874 33.989192, -118.437174 33.995276, -118.447079 33.990579, -118.448472 33.993359, -118.44335 33.995317, -118.442457 33.993599, -118.428489 34.001344, -118.42598 33.99807, -118.4204 33.998688, -118.418239 34.000619, -118.421249 34.004422, -118.417344 34.006749, -118.421411 34.010324, -118.406864 34.018574, -118.40546 34.016854, -118.387171 34.0294, -118.369577 34.03508, -118.37157 34.030662))",90.26781857451404
Cypress Park,"POLYGON ((-118.219006 34.08901, -118.211306 34.091109, -118.212906 34.08641, -118.226306 34.08001, -118.228606 34.08991, -118.232207 34.09321, -118.230607 34.094209, -118.237207 34.102009, -118.232822 34.104269, -118.233607 34.101409, -118.222206 34.095409, -118.219006 34.08901))",88.40293637846656
Del Rey,"MULTIPOLYGON (((-118.441698 33.993978, -118.442457 33.993599, -118.442491 33.993664, -118.436971 33.99634, -118.441698 33.993978)), ((-118.411641 34.001772, -118.405889 33.999236, -118.402768 34.003465, -118.400175 34.00204, -118.407856 33.992117, -118.40441 33.988312, -118.411045 33.987192, -118.432192 33.974922, -118.447811 33.990511, -118.437174 33.995276, -118.430874 33.989192, -118.431102 33.996381, -118.419674 33.997608, -118.41436 34.003662, -118.411641 34.001772)))",89.07471155664838
Downtown,"POLYGON ((-118.240207 34.058711, -118.227306 34.055111, -118.230306 34.048012, -118.222913 34.014942, -118.239708 34.014706, -118.239506 34.020013, -118.274107 34.035412, -118.271807 34.044412, -118.260961 34.051265, -118.249307 34.065311, -118.240207 34.058711))",89.13760216124763
Eagle Rock,"POLYGON ((-118.198191 34.151626, -118.198195 34.149045, -118.18392 34.148673, -118.184561 34.145401, -118.180082 34.141091, -118.185683 34.139033, -118.186097 34.133732, -118.182824 34.129716, -118.187605 34.128108, -118.191205 34.131108, -118.194506 34.126408, -118.200306 34.128108, -118.203906 34.123708, -118.208306 34.124408, -118.208906 34.121808, -118.216206 34.123208, -118.216806 34.120808, -118.212906 34.117708, -118.215006 34.116408, -118.228407 34.125308, -118.228683 34.146735, -118.226231 34.149789, -118.219476 34.146953, -118.208774 34.146507, -118.198191 34.151626))",89.02819198508854
East Hollywood,"POLYGON ((-118.293009 34.101709, -118.284208 34.095909, -118.284508 34.07681, -118.309309 34.07641, -118.309409 34.101609, -118.293009 34.101709))",89.26676329720192
East Los Angeles,"POLYGON ((-118.177735 34.062299, -118.169256 34.062288, -118.169604 34.044198, -118.157134 34.044314, -118.157283 34.036261, -118.144081 34.033467, -118.143392 34.023893, -118.126649 34.013109, -118.127459 34.008038, -118.147534 34.009767, -118.146154 34.018056, -118.153653 34.01963, -118.158902 34.010619, -118.1759 34.018273, -118.175913 34.011411, -118.18124 34.012036, -118.181294 34.015664, -118.192234 34.016546, -118.192628 34.061762, -118.177735 34.062299))",83.15714285714286
Echo Park,"POLYGON ((-118.248307 34.08591, -118.248807 34.07701, -118.244407 34.069811, -118.255234 34.058059, -118.259507 34.061911, -118.261318 34.069747, -118.274408 34.07531, -118.266708 34.08651, -118.259907 34.08581, -118.258507 34.09161, -118.250607 34.101009, -118.243907 34.09501, -118.245607 34.09131, -118.243607 34.08921, -118.248307 34.08591))",88.78307908687655
El Segundo,"POLYGON ((-118.402059 33.931495, -118.378726 33.930545, -118.378383 33.919734, -118.374325 33.917186, -118.378388 33.916375, -118.378701 33.901905, -118.417426 33.901671, -118.419509 33.906185, -118.423279 33.904867, -118.430136 33.916763, -118.422221 33.916329, -118.422222 33.919957, -118.42766 33.923582, -118.428775 33.93097, -118.402059 33.931495))",74.4
El Sereno,"POLYGON ((-118.177994 34.098609, -118.15529 34.098672, -118.160673 34.093741, -118.160496 34.075131, -118.164835 34.062283, -118.192705 34.061731, -118.192805 34.063911, -118.197305 34.064811, -118.193605 34.07991, -118.187405 34.08621, -118.184305 34.08581, -118.177994 34.102753, -118.177994 34.098609))",88.58827812158718
Elysian Park,"POLYGON ((-118.225402 34.07393, -118.225106 34.07191, -118.235906 34.066911, -118.241807 34.067711, -118.247407 34.072511, -118.249807 34.08251, -118.243607 34.08921, -118.245607 34.09131, -118.244007 34.095609, -118.227406 34.08291, -118.225402 34.07393))",91.07002188183807
Elysian Valley,"POLYGON ((-118.228006 34.08831, -118.227406 34.08291, -118.256507 34.105909, -118.249107 34.108609, -118.243107 34.105809, -118.240307 34.096609, -118.230606 34.09221, -118.228006 34.08831))",91.0391676866585
Encino,"POLYGON ((-118.523917 34.186504, -118.518417 34.186404, -118.516417 34.180905, -118.518518 34.180002, -118.505817 34.179505, -118.505934 34.172128, -118.498916 34.171922, -118.492516 34.165305, -118.46996 34.163775, -118.468523 34.151658, -118.476115 34.126006, -118.479985 34.130013, -118.490415 34.131206, -118.500916 34.129106, -118.502016 34.130606, -118.504116 34.128006, -118.508516 34.131206, -118.527116 34.129106, -118.521267 34.144291, -118.52324 34.147675, -118.528283 34.142014, -118.530464 34.146844, -118.530154 34.149861, -118.526717 34.147893, -118.525207 34.153527, -118.528717 34.154505, -118.527317 34.186493, -118.523917 34.186504))",90.50866429878377
Exposition Park,"POLYGON ((-118.305408 34.025712, -118.291408 34.025512, -118.291502 34.018416, -118.279743 34.018468, -118.281107 34.011013, -118.318008 34.010912, -118.317708 34.025612, -118.305408 34.025712))",87.5559038662487
Fairfax,"POLYGON ((-118.351702 34.088954, -118.344111 34.088893, -118.34411 34.06891, -118.36151 34.071509, -118.361706 34.08716, -118.3528 34.087129, -118.351702 34.088954))",80.78290213723285
Florence,"POLYGON ((-118.256436 33.989214, -118.256406 33.960015, -118.280807 33.959914, -118.280507 33.989014, -118.256436 33.989214))",88.91085571369022
Florence-Firestone,"POLYGON ((-118.256436 33.989498, -118.239021 33.989403, -118.237632 33.974738, -118.230233 33.974745, -118.229543 33.96138, -118.231505 33.961014, -118.227405 33.942705, -118.230165 33.945648, -118.234823 33.945569, -118.230631 33.947234, -118.234026 33.948243, -118.233995 33.953264, -118.24421 33.95427, -118.248839 33.953358, -118.249138 33.943273, -118.25364 33.943277, -118.256436 33.989498))",80.53380281690141
Gardena,"POLYGON ((-118.324392 33.916467, -118.291711 33.916436, -118.291636 33.865619, -118.298068 33.865553, -118.294499 33.86647, -118.294349 33.870628, -118.299143 33.870531, -118.299319 33.865698, -118.308953 33.865691, -118.309121 33.873053, -118.313119 33.873015, -118.313476 33.887061, -118.326488 33.882821, -118.326504 33.916405, -118.324392 33.916467))",81.36666666666666
Glassell Park,"POLYGON ((-118.229607 34.135601, -118.228407 34.125308, -118.218706 34.117808, -118.224106 34.115308, -118.220906 34.111109, -118.222306 34.108109, -118.237207 34.102009, -118.230607 34.094209, -118.232207 34.09321, -118.240307 34.096609, -118.242207 34.104609, -118.249107 34.108609, -118.246007 34.112109, -118.254149 34.118851, -118.251133 34.120947, -118.253159 34.124571, -118.235238 34.12672, -118.236273 34.134498, -118.229607 34.135601))",86.8786785119378
Glendale,"POLYGON ((-118.238807 34.252502, -118.243372 34.25205, -118.243468 34.246595, -118.248512 34.244009, -118.248753 34.222495, -118.239427 34.217455, -118.233742 34.20804, -118.220325 34.204861, -118.215007 34.206632, -118.216707 34.200905, -118.210731 34.1946, -118.211813 34.190903, -118.196438 34.179894, -118.188773 34.178513, -118.190811 34.172051, -118.182005 34.150203, -118.182447 34.148562, -118.198195 34.149045, -118.198191 34.151626, -118.210933 34.146173, -118.226231 34.149789, -118.228889 34.14612, -118.227751 34.135601, -118.236273 34.134498, -118.235238 34.12672, -118.253159 34.124571, -118.251133 34.120947, -118.254258 34.118761, -118.262344 34.127676, -118.275613 34.153261, -118.281691 34.156473, -118.29154 34.155777, -118.295691 34.158953, -118.298947 34.157699, -118.307849 34.161152, -118.296887 34.17156, -118.29918 34.173276, -118.297599 34.177004, -118.287831 34.187632, -118.283377 34.185984, -118.280109 34.190205, -118.280209 34.207104, -118.292761 34.221654, -118.266871 34.221846, -118.266672 34.250779, -118.2565 34.252266, -118.25669 34.26719, -118.238903 34.267084, -118.238807 34.252502))",88.65217391304348
Gramercy Park,"POLYGON ((-118.300207 33.959914, -118.302454 33.945474, -118.30518 33.945467, -118.305191 33.941845, -118.309015 33.941833, -118.309025 33.93821, -118.313387 33.938214, -118.313372 33.94546, -118.31772 33.945463, -118.317761 33.959817, -118.300207 33.959914))",89.17191201353639
Granada Hills,"POLYGON ((-118.490156 34.314993, -118.468369 34.291168, -118.472017 34.257202, -118.529393 34.25719, -118.524983 34.270354, -118.527619 34.283301, -118.544296 34.30394, -118.546296 34.317332, -118.534011 34.314531, -118.50784 34.334266, -118.503347 34.32379, -118.490156 34.314993))",88.56124048365427
Green Meadows,"POLYGON ((-118.255898 33.960124, -118.25593 33.95306, -118.253533 33.95126, -118.253594 33.923095, -118.269438 33.923102, -118.269506 33.960014, -118.255898 33.960124))",88.84799647732277
Griffith Park,"POLYGON ((-118.298947 34.157699, -118.295928 34.158997, -118.29154 34.155777, -118.279378 34.155067, -118.273308 34.128908, -118.266308 34.112609, -118.274208 34.119808, -118.309409 34.113008, -118.31091 34.152207, -118.323038 34.15247, -118.328905 34.150294, -118.32211 34.155727, -118.312189 34.155345, -118.309646 34.161259, -118.298947 34.157699))",88.00481540930978
Hancock Park,"POLYGON ((-118.326309 34.083509, -118.325909 34.06201, -118.34411 34.06211, -118.34411 34.083309, -118.326309 34.083509))",88.15924383210509
Hansen Dam,"POLYGON ((-118.368321 34.273347, -118.359137 34.272777, -118.356293 34.26717, -118.365513 34.266102, -118.371007 34.260448, -118.371113 34.263202, -118.373313 34.260302, -118.386114 34.260602, -118.390679 34.2573, -118.401814 34.264502, -118.393914 34.273502, -118.368321 34.273347))",85.8695652173913
Harbor City,"POLYGON ((-118.300693 33.813934, -118.29834 33.813055, -118.299146 33.797796, -118.285939 33.797781, -118.280404 33.779017, -118.289404 33.778517, -118.297705 33.782217, -118.309464 33.778915, -118.308792 33.816878, -118.300693 33.813934))",88.55942219304005
Harbor Gateway,"POLYGON ((-118.289006 33.923615, -118.281206 33.923615, -118.283204 33.896948, -118.281555 33.862802, -118.290523 33.858699, -118.290518 33.854223, -118.285254 33.854157, -118.286017 33.846253, -118.299207 33.846319, -118.299205 33.813416, -118.308792 33.816878, -118.309148 33.865608, -118.299319 33.865698, -118.299028 33.870583, -118.294349 33.870628, -118.294499 33.86647, -118.298068 33.865553, -118.290624 33.866333, -118.291583 33.923334, -118.289006 33.923615))",87.81620314389359
Harvard Heights,"POLYGON ((-118.300012 34.052908, -118.300408 34.037312, -118.315308 34.037211, -118.313008 34.040011, -118.313409 34.052711, -118.300012 34.052908))",88.38239436619719
Harvard Park,"POLYGON ((-118.300207 33.974514, -118.308907 33.974413, -118.308908 33.993013, -118.300208 33.993113, -118.300207 33.974514))",88.68672617333718
Highland Park,"POLYGON ((-118.190805 34.131108, -118.187605 34.128108, -118.18134 34.129498, -118.180193 34.126425, -118.176541 34.126624, -118.176955 34.123141, -118.170536 34.126903, -118.165867 34.126238, -118.168866 34.117843, -118.172758 34.113627, -118.183205 34.111608, -118.192505 34.103109, -118.200606 34.101209, -118.206906 34.090709, -118.212906 34.08641, -118.203806 34.107009, -118.213706 34.116208, -118.216206 34.123208, -118.208906 34.121808, -118.208306 34.124408, -118.203906 34.123708, -118.200306 34.128108, -118.194506 34.126408, -118.190805 34.131108))",86.97634152788793
Historic South-Central,"POLYGON ((-118.256407 34.004814, -118.281107 34.003713, -118.281107 34.015913, -118.274607 34.026512, -118.274107 34.035412, -118.250507 34.024513, -118.256507 34.014713, -118.256407 34.004814))",87.58015312836464
Hollywood,"POLYGON ((-118.32691 34.105208, -118.309409 34.105309, -118.309309 34.083609, -118.34411 34.083309, -118.343382 34.094328, -118.361641 34.094536, -118.361711 34.101208, -118.32691 34.105208))",87.71143835425772
Hollywood Hills,"POLYGON ((-118.31781 34.152107, -118.31091 34.152207, -118.30941 34.147007, -118.309409 34.113008, -118.307509 34.113408, -118.309409 34.105309, -118.34591 34.103708, -118.34441 34.115108, -118.34751 34.115908, -118.347611 34.120108, -118.353111 34.119408, -118.359611 34.123007, -118.359911 34.128307, -118.362711 34.129207, -118.363111 34.129907, -118.362411 34.129507, -118.360511 34.130407, -118.361911 34.130007, -118.363311 34.131807, -118.353613 34.132197, -118.352344 34.134331, -118.348775 34.131386, -118.34323 34.138214, -118.345172 34.142547, -118.323038 34.15247, -118.31781 34.152107))",90.57701317715959
Hollywood Hills West,"POLYGON ((-118.370111 34.129907, -118.361011 34.128007, -118.359611 34.123007, -118.353111 34.119408, -118.347611 34.120108, -118.348711 34.117908, -118.34401 34.113408, -118.34581 34.103308, -118.361711 34.101208, -118.361794 34.097176, -118.368644 34.098071, -118.381181 34.092104, -118.384378 34.093722, -118.38604 34.091036, -118.395844 34.091055, -118.396506 34.096182, -118.392081 34.099794, -118.390574 34.109203, -118.391712 34.117007, -118.388812 34.118707, -118.392112 34.120407, -118.381012 34.123007, -118.375711 34.121807, -118.371511 34.126907, -118.373612 34.130907, -118.370111 34.129907))",92.47423294608281
Huntington Park,"POLYGON ((-118.223536 33.995714, -118.223607 33.991475, -118.212772 33.989816, -118.212612 33.984194, -118.204144 33.983331, -118.204285 33.989079, -118.189009 33.986562, -118.189586 33.981849, -118.202581 33.982569, -118.202337 33.979661, -118.206243 33.979638, -118.202763 33.971871, -118.199488 33.971213, -118.201898 33.970611, -118.200614 33.968731, -118.192345 33.961577, -118.212021 33.96363, -118.210747 33.971822, -118.237632 33.974738, -118.239021 33.989403, -118.230284 33.989214, -118.229687 33.995692, -118.223536 33.995714))",61.25
Hyde Park,"POLYGON ((-118.317008 34.003613, -118.317608 33.970713, -118.326471 33.970909, -118.32648 33.967267, -118.33303 33.967249, -118.335186 33.981758, -118.358386 33.981668, -118.352683 33.983059, -118.352681 33.989335, -118.337266 33.988491, -118.337282 33.996308, -118.331629 33.996333, -118.332469 34.003389, -118.317008 34.003613))",87.45121610287951
Inglewood,"MULTIPOLYGON (((-118.366676 33.981869, -118.335186 33.981758, -118.33303 33.967249, -118.32648 33.967267, -118.326471 33.970909, -118.317747 33.970923, -118.317753 33.930901, -118.313392 33.930683, -118.322099 33.930571, -118.32642 33.929095, -118.326866 33.925835, -118.335219 33.925388, -118.336307 33.930584, -118.346297 33.932379, -118.344308 33.942724, -118.354815 33.941823, -118.3559 33.944475, -118.362418 33.944915, -118.366623 33.944551, -118.368778 33.941709, -118.370057 33.952672, -118.378843 33.952647, -118.37879 33.958895, -118.371239 33.963367, -118.372897 33.967607, -118.370148 33.967993, -118.370341 33.981636, -118.366676 33.981869)), ((-118.374374 33.979722, -118.374464 33.97971, -118.376212 33.982863, -118.371805 33.982058, -118.371802 33.979847, -118.374374 33.979722)))",87.24640287769785
Jefferson Park,"POLYGON ((-118.309008 34.036411, -118.309008 34.025612, -118.317708 34.025612, -118.317708 34.019012, -118.335109 34.022712, -118.333809 34.035011, -118.309008 34.036411))",88.65078356628547
Koreatown,"POLYGON ((-118.286908 34.07651, -118.289208 34.052511, -118.315909 34.052611, -118.323009 34.05481, -118.319309 34.06191, -118.314093 34.062362, -118.313709 34.07631, -118.286908 34.07651))",89.46129634753736
Ladera Heights,"POLYGON ((-118.366736 34.01531, -118.36623 34.006352, -118.357543 34.009145, -118.357805 33.997145, -118.365634 33.997301, -118.36126 33.983034, -118.37583 33.982965, -118.371809 33.977318, -118.385536 33.976683, -118.378748 33.99078, -118.37891 33.992712, -118.382209 33.988956, -118.388007 33.988911, -118.38341 33.992312, -118.385894 33.993504, -118.38241 34.000312, -118.390723 34.00194, -118.38751 34.009668, -118.384329 34.012486, -118.372858 34.011921, -118.372649 34.015839, -118.366736 34.01531))",91.19161676646706
Lake Balboa,"POLYGON ((-118.500918 34.220903, -118.501017 34.208304, -118.494617 34.208304, -118.490348 34.186433, -118.518417 34.186404, -118.518518 34.220803, -118.500918 34.220903))",91.40155144877937
Lake View Terrace,"POLYGON ((-118.387394 34.298233, -118.382878 34.296956, -118.382371 34.293329, -118.382372 34.291526, -118.386911 34.291494, -118.384619 34.289731, -118.385762 34.284817, -118.372637 34.282832, -118.373657 34.285985, -118.369838 34.286127, -118.37135 34.282343, -118.3689 34.283258, -118.367407 34.280369, -118.351735 34.278833, -118.351729 34.282475, -118.326831 34.282435, -118.326914 34.28606, -118.317144 34.286082, -118.315919 34.281105, -118.319329 34.278281, -118.315411 34.274301, -118.336502 34.271101, -118.344 34.272034, -118.357167 34.268735, -118.359137 34.272777, -118.393914 34.273502, -118.408326 34.28689, -118.401588 34.286423, -118.396743 34.296983, -118.387394 34.298233))",91.19987812309567
Larchmont,"POLYGON ((-118.312609 34.083609, -118.309309 34.083609, -118.309309 34.07641, -118.326209 34.07631, -118.326309 34.083509, -118.312609 34.083609))",90.67868177136972
Leimert Park,"POLYGON ((-118.318108 34.014612, -118.317008 34.003613, -118.333801 34.004501, -118.335109 34.022712, -118.317708 34.019012, -118.318108 34.014612))",90.6813251245969
Lennox,"POLYGON ((-118.369892 33.945404, -118.367958 33.941396, -118.366623 33.944551, -118.362418 33.944915, -118.3559 33.944475, -118.354815 33.941823, -118.344308 33.942724, -118.345051 33.933446, -118.355873 33.934523, -118.370033 33.930929, -118.369892 33.945404))",67.0
Lincoln Heights,"POLYGON ((-118.212306 34.08371, -118.212006 34.07921, -118.210406 34.07921, -118.205006 34.08511, -118.203506 34.08411, -118.206806 34.07911, -118.205406 34.07441, -118.200108 34.082831, -118.197105 34.08201, -118.197805 34.07941, -118.193705 34.07961, -118.196105 34.06631, -118.207506 34.065211, -118.225806 34.054411, -118.226618 34.079946, -118.214506 34.08631, -118.212306 34.08371))",88.14300083822297
Lomita,"POLYGON ((-118.31836 33.807653, -118.311705 33.807516, -118.311771 33.802132, -118.30879 33.802217, -118.309924 33.781947, -118.306427 33.774958, -118.310935 33.777291, -118.318307 33.775218, -118.315725 33.779534, -118.319004 33.781709, -118.316332 33.783796, -118.328904 33.787195, -118.326166 33.78891, -118.329498 33.792014, -118.328175 33.800972, -118.326121 33.801086, -118.327941 33.806849, -118.31836 33.807653))",96.24137931034483
Long Beach,"MULTIPOLYGON (((-118.16418 33.827685, -118.155794 33.825032, -118.155996 33.827564, -118.150703 33.829482, -118.149501 33.832376, -118.142544 33.832354, -118.142485 33.846694, -118.125075 33.847055, -118.125145 33.832276, -118.081827 33.831455, -118.081704 33.824319, -118.071792 33.822544, -118.068721 33.82402, -118.068713 33.822478, -118.063268 33.824074, -118.063162 33.81961, -118.072597 33.815115, -118.084597 33.803216, -118.098997 33.776816, -118.091897 33.758717, -118.114832 33.745947, -118.115022 33.751899, -118.118507 33.752468, -118.121187 33.749393, -118.116576 33.746009, -118.117658 33.743776, -118.158097 33.760481, -118.174319 33.76372, -118.180058 33.763335, -118.180859 33.760588, -118.183154 33.763261, -118.190964 33.759737, -118.187548 33.757, -118.183601 33.758162, -118.187317 33.756562, -118.200674 33.763277, -118.201654 33.758966, -118.187616 33.751666, -118.190109 33.749602, -118.186112 33.738542, -118.188482 33.735869, -118.185117 33.733036, -118.19571 33.732905, -118.197128 33.736201, -118.204927 33.738552, -118.192439 33.743041, -118.192448 33.744952, -118.197317 33.744713, -118.19729 33.751191, -118.199076 33.743902, -118.206249 33.744567, -118.207001 33.750675, -118.212954 33.74762, -118.206619 33.740291, -118.215535 33.746244, -118.215197 33.75227, -118.207428 33.756293, -118.207663 33.762998, -118.209871 33.757266, -118.213792 33.756331, -118.213914 33.762628, -118.216342 33.75737, -118.220268 33.766845, -118.208119 33.77229, -118.21965 33.768814, -118.22093 33.770663, -118.210139 33.777121, -118.241948 33.76653, -118.220669 33.782537, -118.227681 33.789944, -118.222436 33.804152, -118.224604 33.824288, -118.215762 33.826075, -118.215968 33.834384, -118.207332 33.839419, -118.206798 33.848403, -118.200981 33.860094, -118.203492 33.860409, -118.208896 33.881292, -118.188368 33.881325, -118.185778 33.885442, -118.177435 33.885359, -118.177427 33.881857, -118.151315 33.881987, -118.151239 33.86897, -118.146901 33.869008, -118.146769 33.860253, -118.157099 33.860183, -118.155827 33.854831, -118.167745 33.854444, -118.167559 33.84694, -118.164182 33.847057, -118.16418 33.827685), (-118.16418 33.827685, -118.167554 33.827692, -118.167562 33.820149, -118.164738 33.820214, -118.16418 33.827685), (-118.175273 33.818789, -118.184802 33.818616, -118.184891 33.804396, -118.181734 33.804231, -118.182101 33.800717, -118.166111 33.789853, -118.149426 33.789836, -118.15457 33.79347, -118.154565 33.79681, -118.158897 33.796269, -118.158888 33.797119, -118.151386 33.797119, -118.151346 33.804427, -118.158877 33.802449, -118.158913 33.810132, -118.176302 33.811647, -118.176311 33.804244, -118.180646 33.80423, -118.180662 33.811641, -118.171968 33.815294, -118.171971 33.818806, -118.175273 33.818789)), ((-118.237111 33.727827, -118.237141 33.727719, -118.243114 33.741955, -118.243001 33.741818, -118.237111 33.727827)), ((-118.224541 33.767618, -118.218535 33.753708, -118.222953 33.752426, -118.224816 33.756831, -118.22907 33.755563, -118.228162 33.752299, -118.229472 33.755438, -118.24579 33.750675, -118.242498 33.743751, -118.233481 33.742295, -118.23282 33.745158, -118.23139 33.741976, -118.226738 33.745439, -118.227035 33.743238, -118.225126 33.743796, -118.22436 33.746601, -118.224861 33.743903, -118.217454 33.744423, -118.231109 33.740482, -118.243474 33.742813, -118.248966 33.755902, -118.240767 33.758296, -118.24529 33.763691, -118.224541 33.767618)))",93.0
Lopez/Kagel Canyons,"POLYGON ((-118.375281 34.318496, -118.370449 34.317184, -118.371825 34.30984, -118.363505 34.3096, -118.360769 34.298352, -118.366113 34.3016, -118.369665 34.298688, -118.373968 34.288497, -118.372637 34.282832, -118.385762 34.284817, -118.384619 34.289731, -118.386911 34.291494, -118.382372 34.291526, -118.382371 34.293329, -118.382878 34.296956, -118.38739 34.296963, -118.387396 34.29878, -118.396743 34.296983, -118.401588 34.286423, -118.406168 34.285927, -118.410348 34.291968, -118.403508 34.293513, -118.40346 34.297106, -118.401205 34.297065, -118.401052 34.30067, -118.4056 34.300726, -118.405469 34.307912, -118.400904 34.310027, -118.40076 34.317577, -118.397538 34.31829, -118.394706 34.310768, -118.391346 34.312816, -118.388178 34.311008, -118.375281 34.318496))",84.38461538461539
Los Feliz,"POLYGON ((-118.273208 34.118408, -118.267408 34.112309, -118.271508 34.109109, -118.276608 34.095909, -118.284208 34.095909, -118.293409 34.101809, -118.309409 34.101609, -118.307509 34.113408, -118.286109 34.118508, -118.273208 34.118408))",88.48896824384644
Lynwood,"POLYGON ((-118.213224 33.944187, -118.210862 33.937015, -118.18174 33.934363, -118.182824 33.930791, -118.175329 33.930477, -118.176653 33.918313, -118.178709 33.918592, -118.183158 33.905985, -118.195792 33.906331, -118.195122 33.911272, -118.197149 33.906468, -118.199979 33.906677, -118.198387 33.910679, -118.216797 33.912227, -118.218184 33.921238, -118.228828 33.922779, -118.230324 33.929001, -118.225667 33.92992, -118.229497 33.9431, -118.223246 33.937842, -118.213922 33.936893, -118.216768 33.945441, -118.213224 33.944187))",103.25
Manchester Square,"POLYGON ((-118.300207 33.974514, -118.300207 33.959914, -118.317761 33.959817, -118.317608 33.974413, -118.300207 33.974514))",87.83695103483089
Mar Vista,"POLYGON ((-118.421411 34.010324, -118.417344 34.006749, -118.421249 34.004422, -118.418239 34.000619, -118.4204 33.998688, -118.42598 33.99807, -118.428489 34.001344, -118.442491 33.993664, -118.45602 34.009879, -118.443426 34.016625, -118.444812 34.02011, -118.430298 34.02682, -118.418471 34.012019, -118.421411 34.010324))",91.53919428458028
Marina del Rey,"POLYGON ((-118.436544 33.978509, -118.432259 33.975016, -118.451301 33.964231, -118.46348 33.981049, -118.455051 33.986416, -118.441604 33.98338, -118.436544 33.978509))",88.19897959183673
Mid-City,"POLYGON ((-118.35381 34.04821, -118.326709 34.048011, -118.333809 34.035011, -118.369577 34.03508, -118.386396 34.028905, -118.39091 34.03121, -118.386111 34.04661, -118.37681 34.04451, -118.37621 34.05331, -118.35381 34.04821))",88.02354041624444
Mid-Wilshire,"POLYGON ((-118.36151 34.071509, -118.34411 34.06891, -118.34411 34.06211, -118.319309 34.06191, -118.326709 34.048011, -118.35381 34.04821, -118.36691 34.05151, -118.36151 34.06301, -118.36151 34.071509))",83.41080086941983
Mission Hills,"POLYGON ((-118.455616 34.280101, -118.452462 34.281321, -118.447066 34.276459, -118.450303 34.274113, -118.4423 34.264497, -118.451816 34.250003, -118.472025 34.25, -118.46963 34.293323, -118.455616 34.280101))",86.0350553505535
Montecito Heights,"POLYGON ((-118.176005 34.112308, -118.184305 34.08581, -118.187405 34.08621, -118.193805 34.07921, -118.197805 34.07941, -118.197105 34.08201, -118.200108 34.082831, -118.205406 34.07441, -118.206806 34.07911, -118.203506 34.08411, -118.205006 34.08511, -118.212006 34.07921, -118.212906 34.08641, -118.206906 34.090709, -118.200606 34.101209, -118.192505 34.103109, -118.183205 34.111608, -118.176005 34.112308))",90.04105803395184
Mount Washington,"POLYGON ((-118.218706 34.117808, -118.210306 34.114808, -118.203806 34.107009, -118.206106 34.099209, -118.215606 34.08851, -118.219006 34.08901, -118.222206 34.095409, -118.234207 34.103209, -118.222306 34.108109, -118.220906 34.111109, -118.224106 34.115308, -118.218706 34.117808))",91.13636363636364
North Hills,"POLYGON ((-118.496617 34.257334, -118.472017 34.257202, -118.472025 34.25, -118.451816 34.250003, -118.456716 34.239403, -118.459516 34.221203, -118.498718 34.220703, -118.497518 34.237203, -118.491418 34.250103, -118.502418 34.250103, -118.502418 34.257402, -118.496617 34.257334))",88.591796875
North Hollywood,"POLYGON ((-118.396015 34.201204, -118.370312 34.201117, -118.370313 34.196379, -118.361151 34.194651, -118.354727 34.164909, -118.361612 34.164806, -118.361601 34.157613, -118.370237 34.157613, -118.367609 34.153023, -118.377796 34.153481, -118.384231 34.168609, -118.392281 34.174049, -118.401504 34.18642, -118.4046 34.202854, -118.396015 34.201204))",87.61382903567645
Northridge,"POLYGON ((-118.513116 34.257507, -118.502418 34.257402, -118.502418 34.250103, -118.491418 34.250103, -118.497518 34.237203, -118.498718 34.220703, -118.562219 34.220104, -118.56452 34.242503, -118.55842 34.257202, -118.513116 34.257507))",85.50241635687732
Pacific Palisades,"POLYGON ((-118.557317 34.126806, -118.553517 34.128606, -118.554717 34.127006, -118.549317 34.126406, -118.527116 34.129106, -118.529216 34.122006, -118.518015 34.083107, -118.520515 34.081807, -118.515215 34.075008, -118.516515 34.072208, -118.507114 34.064108, -118.509898 34.046541, -118.496359 34.056019, -118.495285 34.06042, -118.492714 34.058408, -118.493814 34.050108, -118.508323 34.039205, -118.508593 34.033063, -118.517707 34.024823, -118.545303 34.038593, -118.556263 34.037925, -118.567071 34.041327, -118.570107 34.047117, -118.570395 34.069346, -118.599204 34.074337, -118.566005 34.13079, -118.564053 34.13191, -118.557317 34.126806))",90.73144986029183
Pacoima,"POLYGON ((-118.414822 34.292915, -118.393914 34.273502, -118.401814 34.264502, -118.395914 34.258802, -118.387514 34.256702, -118.409699 34.233395, -118.440271 34.261643, -118.450303 34.274113, -118.447066 34.276459, -118.443734 34.27331, -118.435712 34.27931, -118.433776 34.277453, -118.414822 34.292915))",85.95647459727385
Palms,"POLYGON ((-118.38831 34.029511, -118.40546 34.016854, -118.406864 34.018574, -118.418455 34.011985, -118.430298 34.02682, -118.418411 34.03201, -118.401211 34.02941, -118.398511 34.03721, -118.38941 34.03471, -118.39091 34.03121, -118.38831 34.029511))",89.11568603060083
Panorama City,"POLYGON ((-118.428315 34.222203, -118.422815 34.221703, -118.427215 34.207304, -118.466216 34.214904, -118.467616 34.221103, -118.459516 34.221203, -118.451816 34.251702, -118.428315 34.222203))",84.4846450617284
Pasadena,"POLYGON ((-118.195574 34.251905, -118.186842 34.251586, -118.186664 34.223021, -118.177674 34.222452, -118.177305 34.215404, -118.162863 34.215219, -118.166992 34.210908, -118.160002 34.200126, -118.164251 34.201455, -118.168455 34.19325, -118.167671 34.188409, -118.169218 34.192461, -118.1718 34.189394, -118.168722 34.189311, -118.170826 34.184753, -118.169043 34.181078, -118.167458 34.183075, -118.142667 34.181793, -118.128631 34.175229, -118.117358 34.175863, -118.117103 34.169606, -118.09834 34.167709, -118.095202 34.169406, -118.095407 34.175706, -118.098256 34.175685, -118.106919 34.193296, -118.104863 34.193373, -118.104926 34.19684, -118.082273 34.196935, -118.082773 34.179081, -118.065978 34.179161, -118.065479 34.17261, -118.0682 34.173009, -118.067824 34.150287, -118.073424 34.150214, -118.073392 34.147765, -118.077756 34.147397, -118.079231 34.144763, -118.086966 34.145191, -118.08327 34.144706, -118.083501 34.14222, -118.07896 34.14225, -118.078922 34.139609, -118.083687 34.140841, -118.085986 34.131432, -118.089768 34.135159, -118.094288 34.135216, -118.09578 34.141769, -118.110031 34.141536, -118.110161 34.136808, -118.114292 34.136858, -118.114111 34.132923, -118.131249 34.12979, -118.12797 34.117948, -118.132435 34.117213, -118.142163 34.119484, -118.149138 34.125743, -118.151003 34.123915, -118.16554 34.123695, -118.168454 34.123914, -118.165867 34.126238, -118.170328 34.126945, -118.176831 34.123136, -118.176541 34.126624, -118.180193 34.126425, -118.186097 34.133732, -118.185683 34.139033, -118.180082 34.141091, -118.184561 34.145401, -118.182005 34.150203, -118.191098 34.174135, -118.187317 34.179476, -118.17417 34.182887, -118.180715 34.186429, -118.178314 34.186522, -118.177972 34.194216, -118.175457 34.197679, -118.172205 34.196905, -118.168905 34.203804, -118.175644 34.205781, -118.176628 34.210831, -118.17451 34.211432, -118.184104 34.216044, -118.182902 34.218448, -118.180406 34.218004, -118.181164 34.219823, -118.189991 34.223912, -118.189906 34.231103, -118.197641 34.23485, -118.19777 34.237505, -118.195501 34.237391, -118.195574 34.251905))",90.93333333333334
Pico-Robertson,"POLYGON ((-118.37733 34.062954, -118.37681 34.04451, -118.386111 34.04661, -118.385411 34.04881, -118.389511 34.04951, -118.389611 34.05231, -118.406541 34.052297, -118.405922 34.057104, -118.383666 34.057099, -118.383534 34.062937, -118.37733 34.062954))",89.32344447361513
Pico-Union,"POLYGON ((-118.296908 34.052911, -118.282374 34.052796, -118.268507 34.046812, -118.272807 34.042912, -118.274107 34.035412, -118.279307 34.037812, -118.300408 34.037312, -118.300012 34.052908, -118.296908 34.052911))",88.500379714792
Playa Vista,"POLYGON ((-118.405133 33.988339, -118.401239 33.986386, -118.398761 33.987957, -118.395085 33.983818, -118.401614 33.982284, -118.404769 33.976955, -118.41891 33.972312, -118.42561 33.965512, -118.432211 33.974911, -118.411045 33.987192, -118.405133 33.988339))",86.2962291515591
Playa del Rey,"POLYGON ((-118.42811 33.968612, -118.42531 33.965412, -118.43011 33.966812, -118.438305 33.963451, -118.43271 33.964612, -118.42821 33.962012, -118.43401 33.958012, -118.431404 33.956195, -118.431347 33.950242, -118.437731 33.949157, -118.42766 33.923582, -118.422222 33.919957, -118.422221 33.916329, -118.430136 33.916763, -118.450734 33.955249, -118.456133 33.961193, -118.460458 33.960485, -118.432278 33.975005, -118.42811 33.968612))",89.6907742234585
Porter Ranch,"POLYGON ((-118.554364 34.296541, -118.540945 34.298794, -118.528819 34.286001, -118.524983 34.270354, -118.529393 34.25719, -118.55872 34.257202, -118.556651 34.271214, -118.55982 34.274502, -118.569535 34.275455, -118.572476 34.294677, -118.559767 34.299192, -118.554364 34.296541))",91.68643747638836
Rancho Palos Verdes,"POLYGON ((-118.368815 33.79547, -118.367912 33.791458, -118.372602 33.785514, -118.365507 33.785628, -118.361565 33.772524, -118.364496 33.769032, -118.365469 33.771336, -118.374326 33.773962, -118.374888 33.776578, -118.369652 33.781073, -118.372919 33.784291, -118.374644 33.777806, -118.383791 33.774469, -118.380829 33.769505, -118.386904 33.768301, -118.393344 33.760997, -118.388383 33.757078, -118.37871 33.759285, -118.380705 33.768801, -118.375217 33.771595, -118.37055 33.76818, -118.364926 33.768177, -118.366683 33.761925, -118.355205 33.755917, -118.353205 33.750717, -118.358662 33.745121, -118.357105 33.742818, -118.35299 33.745081, -118.346005 33.742117, -118.344505 33.744717, -118.339419 33.743095, -118.338208 33.747621, -118.32957 33.751465, -118.332153 33.758268, -118.330258 33.759775, -118.336478 33.76119, -118.337315 33.76712, -118.33467 33.766492, -118.331527 33.769351, -118.331714 33.766819, -118.323276 33.768471, -118.322205 33.765162, -118.3186 33.764975, -118.318307 33.775218, -118.309135 33.776486, -118.311606 33.763051, -118.309038 33.760515, -118.301878 33.760511, -118.301 33.757721, -118.309087 33.757728, -118.309614 33.746791, -118.318449 33.746842, -118.320373 33.73577, -118.318531 33.731987, -118.32101 33.729397, -118.328472 33.729422, -118.333018 33.721928, -118.35146 33.727156, -118.363368 33.737893, -118.374114 33.737066, -118.380169 33.742101, -118.398121 33.736198, -118.403827 33.741172, -118.411545 33.741154, -118.413277 33.753108, -118.418615 33.760561, -118.403654 33.76472, -118.403809 33.781351, -118.387306 33.782016, -118.384206 33.793615, -118.368815 33.79547))",89.32380952380953
Rancho Park,"POLYGON ((-118.414799 34.032282, -118.411211 34.03081, -118.418411 34.03201, -118.430298 34.02682, -118.435039 34.036932, -118.424812 34.04181, -118.414799 34.032282))",92.13793103448276
Reseda,"POLYGON ((-118.518518 34.220803, -118.518417 34.186404, -118.562318 34.186504, -118.562219 34.220104, -118.518518 34.220803))",88.79228272628922
San Fernando,"POLYGON ((-118.423467 34.296322, -118.421401 34.294375, -118.418437 34.296541, -118.415667 34.293932, -118.418632 34.291764, -118.417123 34.290356, -118.433776 34.277453, -118.435712 34.27931, -118.443734 34.27331, -118.45631 34.28467, -118.432569 34.304687, -118.423467 34.296322))",88.33870967741936
San Pedro,"MULTIPOLYGON (((-118.243705 33.761717, -118.240767 33.758296, -118.248966 33.755902, -118.237141 33.727719, -118.251172 33.723594, -118.247287 33.715317, -118.257764 33.716876, -118.26032 33.723721, -118.258003 33.728691, -118.241001 33.73366, -118.247314 33.748792, -118.250564 33.750697, -118.254132 33.745453, -118.250175 33.735009, -118.24798 33.734838, -118.264262 33.730469, -118.263438 33.734583, -118.266805 33.73388, -118.266358 33.738625, -118.270926 33.736708, -118.267535 33.733685, -118.264761 33.722464, -118.267682 33.721742, -118.27083 33.730029, -118.269078 33.730694, -118.271501 33.730183, -118.270389 33.73521, -118.272496 33.732681, -118.274743 33.740685, -118.269961 33.74864, -118.257732 33.759437, -118.24529 33.763691, -118.243705 33.761717)), ((-118.296404 33.780317, -118.292204 33.753618, -118.28036 33.753234, -118.277795 33.755315, -118.274037 33.751168, -118.274513 33.748454, -118.278419 33.748625, -118.274983 33.746797, -118.278693 33.738224, -118.274258 33.728931, -118.278765 33.731799, -118.274032 33.727788, -118.271183 33.72031, -118.273002 33.719655, -118.275495 33.726555, -118.276245 33.726338, -118.274016 33.713889, -118.276475 33.715374, -118.277032 33.723811, -118.278277 33.720556, -118.280108 33.725126, -118.283892 33.724172, -118.280051 33.717698, -118.285356 33.713753, -118.282774 33.709933, -118.276689 33.707791, -118.283361 33.70914, -118.294408 33.704538, -118.297466 33.710163, -118.317352 33.713957, -118.320637 33.717559, -118.333018 33.721928, -118.328472 33.729422, -118.32101 33.729397, -118.318531 33.731987, -118.320373 33.73577, -118.318449 33.746842, -118.309614 33.746791, -118.309087 33.757728, -118.301 33.757721, -118.301878 33.760511, -118.309038 33.760515, -118.311606 33.763051, -118.30885 33.774964, -118.306427 33.774958, -118.308005 33.779417, -118.297705 33.782217, -118.296404 33.780317)))",86.36997273346967
Santa Monica,"POLYGON ((-118.483981 34.041635, -118.477283 34.046699, -118.452905 34.028037, -118.443426 34.016625, -118.482165 33.996281, -118.481452 33.993161, -118.517707 34.024823, -118.508593 34.033063, -118.508323 34.039205, -118.504024 34.040629, -118.494468 34.05056, -118.483981 34.041635))",90.05851063829788
Sawtelle,"POLYGON ((-118.443912 34.047209, -118.430835 34.031007, -118.430298 34.02682, -118.444812 34.02011, -118.444358 34.01773, -118.452905 34.028037, -118.470884 34.041331, -118.459229 34.050795, -118.452222 34.04706, -118.448175 34.049578, -118.448395 34.052405, -118.443912 34.047209))",81.39998261323133
Sepulveda Basin,"POLYGON ((-118.483716 34.186604, -118.474716 34.185805, -118.466216 34.180405, -118.469566 34.179238, -118.467685 34.170355, -118.471126 34.16264, -118.475968 34.164992, -118.492516 34.165305, -118.498916 34.171922, -118.505934 34.172128, -118.505817 34.179505, -118.518518 34.180002, -118.516417 34.180905, -118.518417 34.186404, -118.483716 34.186604))",92.29088785046729
Shadow Hills,"POLYGON ((-118.340656 34.272354, -118.333012 34.265102, -118.321435 34.240902, -118.305741 34.232771, -118.271809 34.233803, -118.272018 34.231593, -118.266807 34.230628, -118.266871 34.221846, -118.337462 34.221312, -118.334845 34.215514, -118.339806 34.211194, -118.33993 34.206503, -118.342812 34.207404, -118.390014 34.252302, -118.387514 34.256702, -118.390814 34.257202, -118.386114 34.260602, -118.373313 34.260302, -118.371113 34.263202, -118.371007 34.260448, -118.365513 34.266102, -118.340656 34.272354))",90.11957077158917
Sherman Oaks,"POLYGON ((-118.414314 34.172005, -118.413813 34.154006, -118.418213 34.154006, -118.418113 34.147906, -118.422612 34.149909, -118.422614 34.146501, -118.414913 34.143106, -118.412146 34.136728, -118.414359 34.133718, -118.412222 34.134524, -118.406913 34.128907, -118.414213 34.129007, -118.415613 34.126207, -118.431113 34.132007, -118.443414 34.130006, -118.454914 34.132906, -118.467415 34.129206, -118.471615 34.130906, -118.476115 34.126006, -118.468523 34.151658, -118.469967 34.165198, -118.467615 34.171905, -118.414314 34.172005))",88.87562701848417
Silver Lake,"POLYGON ((-118.258808 34.109009, -118.253507 34.108509, -118.256507 34.105909, -118.250607 34.101009, -118.258507 34.09161, -118.259907 34.08581, -118.266708 34.08651, -118.274408 34.07531, -118.284508 34.07791, -118.284808 34.095909, -118.276608 34.095909, -118.271508 34.109109, -118.265408 34.113609, -118.258808 34.109009))",83.80078272945335
South Gate,"POLYGON ((-118.189746 33.959378, -118.185064 33.955637, -118.178503 33.954974, -118.176938 33.956636, -118.179522 33.957918, -118.177332 33.957688, -118.172625 33.956515, -118.172965 33.954302, -118.156119 33.951026, -118.165882 33.935873, -118.16272 33.926626, -118.166888 33.927434, -118.170584 33.923684, -118.156126 33.916991, -118.159007 33.909964, -118.168147 33.914232, -118.168198 33.912283, -118.173306 33.911822, -118.169459 33.914855, -118.176653 33.918313, -118.175329 33.930477, -118.182824 33.930791, -118.18174 33.934363, -118.210862 33.937015, -118.210532 33.939827, -118.213702 33.940245, -118.212916 33.945021, -118.216834 33.94502, -118.213922 33.936893, -118.226906 33.940167, -118.231505 33.961014, -118.222903 33.959218, -118.225203 33.966353, -118.192541 33.961597, -118.189746 33.959378))",95.33333333333333
South Park,"POLYGON ((-118.256407 34.003814, -118.256506 33.989214, -118.280507 33.989014, -118.281107 34.003713, -118.256407 34.003814))",89.24085690614274
South Pasadena,"POLYGON ((-118.147822 34.125056, -118.142163 34.119484, -118.134694 34.10392, -118.141831 34.103972, -118.141783 34.098682, -118.177994 34.098595, -118.177995 34.110244, -118.168866 34.117843, -118.168053 34.123923, -118.147822 34.125056))",82.66666666666667
Studio City,"POLYGON ((-118.4083 34.156672, -118.367609 34.153023, -118.360915 34.142038, -118.362342 34.138696, -118.358605 34.139496, -118.352344 34.134331, -118.353613 34.132197, -118.363311 34.131807, -118.360511 34.127307, -118.373612 34.130907, -118.371511 34.126907, -118.375711 34.121807, -118.385812 34.121407, -118.387612 34.123407, -118.397412 34.119107, -118.403912 34.127907, -118.406113 34.127407, -118.412222 34.134524, -118.414359 34.133718, -118.412146 34.136728, -118.414913 34.143106, -118.422614 34.146501, -118.422612 34.149909, -118.418113 34.147906, -118.418213 34.154006, -118.4083 34.156672))",89.56470704280923
Sun Valley,"POLYGON ((-118.342812 34.207404, -118.341319 34.206527, -118.362987 34.206818, -118.362372 34.201197, -118.394712 34.200933, -118.427315 34.207004, -118.422015 34.224103, -118.403914 34.237703, -118.390014 34.252302, -118.342812 34.207404))",87.64802673865536
Sunland,"POLYGON ((-118.286307 34.292075, -118.299511 34.275401, -118.303411 34.273901, -118.302711 34.252402, -118.306111 34.252102, -118.305311 34.248502, -118.324811 34.250102, -118.337759 34.271465, -118.327712 34.273801, -118.318474 34.273098, -118.315411 34.274301, -118.319329 34.278281, -118.315919 34.281105, -118.317144 34.286082, -118.299478 34.286096, -118.299395 34.293259, -118.286307 34.292075))",89.88138528138528
Sylmar,"POLYGON ((-118.436284 34.329899, -118.41901 34.329881, -118.420751 34.325573, -118.41435 34.324441, -118.412207 34.325904, -118.413579 34.329881, -118.405202 34.329811, -118.404912 34.322077, -118.39626 34.31986, -118.39653 34.317419, -118.40076 34.317577, -118.401079 34.309722, -118.405469 34.307912, -118.4056 34.300726, -118.401052 34.30067, -118.401205 34.297065, -118.40346 34.297106, -118.403508 34.293513, -118.409072 34.293659, -118.411615 34.290001, -118.418437 34.296541, -118.421401 34.294375, -118.432569 34.304687, -118.45631 34.28467, -118.452329 34.281437, -118.455216 34.279501, -118.490156 34.314993, -118.503347 34.32379, -118.50784 34.334266, -118.503809 34.337307, -118.492929 34.33077, -118.436284 34.329899))",87.2459638288487
Tarzana,"POLYGON ((-118.558518 34.186504, -118.527317 34.186493, -118.528717 34.154505, -118.525207 34.153527, -118.526717 34.147893, -118.530456 34.149607, -118.530306 34.14541, -118.528283 34.142014, -118.523512 34.147569, -118.52126 34.145442, -118.527116 34.129106, -118.549317 34.126406, -118.554717 34.127006, -118.553517 34.128606, -118.556417 34.126606, -118.563517 34.130906, -118.567918 34.137906, -118.566836 34.15233, -118.562281 34.161819, -118.565918 34.163605, -118.565922 34.17046, -118.562318 34.170405, -118.562318 34.186504, -118.558518 34.186504))",91.0525639377972
Toluca Lake,"POLYGON ((-118.357158 34.164806, -118.357151 34.161287, -118.353103 34.161289, -118.345665 34.142367, -118.36134 34.142669, -118.370237 34.157613, -118.361601 34.157613, -118.361612 34.164806, -118.357158 34.164806))",89.02817679558011
Topanga,"POLYGON ((-118.600238 34.143665, -118.564752 34.130168, -118.599204 34.074337, -118.570395 34.069346, -118.570107 34.047117, -118.567071 34.041327, -118.582939 34.037828, -118.587734 34.04558, -118.59587 34.045546, -118.602769 34.054554, -118.616793 34.059269, -118.6178 34.070263, -118.632823 34.07793, -118.634883 34.083103, -118.638347 34.084598, -118.636028 34.091949, -118.64909 34.100429, -118.651798 34.110583, -118.650062 34.129071, -118.644955 34.129054, -118.644832 34.125322, -118.61063 34.125331, -118.610609 34.129022, -118.606246 34.129001, -118.606203 34.139659, -118.612776 34.139773, -118.61531 34.142833, -118.611394 34.143653, -118.610802 34.147441, -118.600238 34.143665))",91.0
Torrance,"POLYGON ((-118.313269 33.883768, -118.313119 33.873015, -118.308917 33.87134, -118.30879 33.802217, -118.311771 33.802132, -118.311705 33.807516, -118.327941 33.806849, -118.326121 33.801086, -118.328175 33.800972, -118.329498 33.792014, -118.326166 33.78891, -118.328721 33.789125, -118.330005 33.780417, -118.33415 33.7808, -118.362289 33.804077, -118.395295 33.803426, -118.391593 33.815326, -118.386422 33.815071, -118.384429 33.819018, -118.374492 33.815582, -118.372698 33.827565, -118.378219 33.854993, -118.375398 33.858256, -118.353495 33.85813, -118.358832 33.865545, -118.352461 33.865526, -118.352348 33.874428, -118.313476 33.887061, -118.313269 33.883768))",80.59803921568627
Tujunga,"POLYGON ((-118.279608 34.27819, -118.27368 34.278067, -118.273537 34.281661, -118.238789 34.281589, -118.238903 34.267084, -118.25669 34.26719, -118.2565 34.252266, -118.266672 34.250779, -118.266807 34.230628, -118.272018 34.231593, -118.271809 34.233803, -118.306801 34.232963, -118.322176 34.241419, -118.324811 34.250102, -118.305311 34.248502, -118.306111 34.252102, -118.302711 34.252402, -118.303411 34.273901, -118.299511 34.275401, -118.286332 34.292074, -118.286694 34.278337, -118.279608 34.27819))",88.88727076591154
Tujunga Canyons,"MULTIPOLYGON (((-118.399862 34.293302, -118.399875 34.293276, -118.399874 34.293281, -118.399862 34.293302)), ((-118.255625 34.50168, -118.255545 34.495884, -118.259919 34.495903, -118.257738 34.481837, -118.245978 34.481709, -118.245336 34.467322, -118.237021 34.467403, -118.237027 34.463398, -118.219666 34.462668, -118.219682 34.465711, -118.207993 34.466057, -118.206302 34.456136, -118.184744 34.455701, -118.184709 34.451958, -118.149607 34.45201, -118.14962 34.466439, -118.11873 34.466169, -118.118629 34.480678, -118.117866 34.480712, -118.110259 34.453602, -118.089982 34.436205, -118.091732 34.429786, -118.089206 34.421868, -118.070623 34.398746, -118.074115 34.397518, -118.077661 34.390179, -118.08335 34.392704, -118.088116 34.386309, -118.099414 34.385552, -118.09636 34.379312, -118.109804 34.359941, -118.10929 34.336162, -118.125891 34.326352, -118.131432 34.318329, -118.135934 34.317026, -118.138399 34.31095, -118.145963 34.307112, -118.152439 34.307748, -118.148791 34.298613, -118.158358 34.301483, -118.16072 34.297194, -118.169672 34.294024, -118.169968 34.291116, -118.180693 34.28772, -118.179338 34.282707, -118.170534 34.280458, -118.166334 34.27605, -118.153449 34.270245, -118.161869 34.267587, -118.16799 34.269721, -118.173654 34.267033, -118.175507 34.263228, -118.182122 34.265058, -118.183436 34.260727, -118.186904 34.263159, -118.193114 34.258092, -118.196652 34.259487, -118.199187 34.254768, -118.195741 34.251864, -118.195501 34.237391, -118.217403 34.237283, -118.217522 34.233799, -118.221867 34.233731, -118.221611 34.25156, -118.238808 34.252202, -118.238789 34.281589, -118.273537 34.281661, -118.27368 34.278067, -118.286694 34.278337, -118.286286 34.292649, -118.299395 34.293259, -118.299478 34.286096, -118.326914 34.28606, -118.326831 34.282435, -118.351729 34.282475, -118.351735 34.278833, -118.367407 34.280369, -118.3689 34.283258, -118.37135 34.282343, -118.369838 34.286127, -118.373689 34.285896, -118.373891 34.288754, -118.366113 34.3016, -118.360769 34.298352, -118.363505 34.3096, -118.371825 34.30984, -118.371793 34.318624, -118.376657 34.318752, -118.388178 34.311008, -118.391346 34.312816, -118.394706 34.310768, -118.397581 34.314407, -118.39626 34.31986, -118.404912 34.322077, -118.405202 34.329811, -118.413579 34.329881, -118.412207 34.325904, -118.41435 34.324441, -118.420751 34.325573, -118.41901 34.329881, -118.492929 34.33077, -118.504038 34.337134, -118.506114 34.341096, -118.503701 34.348131, -118.505827 34.360521, -118.474673 34.356076, -118.474931 34.366072, -118.482993 34.366226, -118.483333 34.370482, -118.493473 34.369515, -118.493473 34.367522, -118.500609 34.370116, -118.477395 34.389712, -118.462991 34.391373, -118.463031 34.383982, -118.446797 34.38381, -118.446862 34.380735, -118.44064 34.378253, -118.440709 34.373861, -118.43883 34.376764, -118.429936 34.373765, -118.42993 34.376405, -118.417476 34.381062, -118.410903 34.379325, -118.405275 34.380621, -118.405296 34.384181, -118.397204 34.384258, -118.397102 34.394577, -118.403099 34.394581, -118.401974 34.399144, -118.408494 34.403497, -118.403813 34.408332, -118.397067 34.398032, -118.397779 34.416188, -118.401755 34.416404, -118.403969 34.424824, -118.415219 34.424907, -118.415168 34.427093, -118.406638 34.427049, -118.390572 34.435523, -118.384159 34.434138, -118.372187 34.437565, -118.353035 34.450943, -118.34331 34.461242, -118.343433 34.451643, -118.324579 34.45155, -118.325574 34.466734, -118.289411 34.481222, -118.28336 34.491957, -118.255625 34.50168)))",111.5
Unincorporated Santa Susana Mountains,"POLYGON ((-118.67769 34.471812, -118.669069 34.46902, -118.669087 34.467207, -118.673406 34.467164, -118.672531 34.460053, -118.659476 34.460101, -118.658888 34.456047, -118.657088 34.46008, -118.636975 34.457087, -118.629873 34.452494, -118.625721 34.451163, -118.624189 34.452786, -118.621407 34.446936, -118.616875 34.451484, -118.596789 34.438246, -118.584952 34.42669, -118.56681 34.380509, -118.555846 34.363818, -118.556592 34.35922, -118.559745 34.357562, -118.56541 34.359404, -118.566396 34.357179, -118.559666 34.355482, -118.557764 34.357385, -118.555119 34.358608, -118.558087 34.356163, -118.554284 34.356772, -118.555236 34.361979, -118.551805 34.356174, -118.542877 34.35055, -118.534042 34.353589, -118.52326 34.351745, -118.520276 34.350609, -118.52036 34.346929, -118.516027 34.346971, -118.516053 34.343942, -118.510801 34.344038, -118.510621 34.3405, -118.506114 34.341096, -118.504038 34.337134, -118.534011 34.314531, -118.546296 34.317332, -118.547097 34.313351, -118.540821 34.298814, -118.554034 34.296414, -118.559767 34.299192, -118.568708 34.294639, -118.571762 34.298619, -118.588533 34.303219, -118.591014 34.282437, -118.596208 34.274521, -118.607336 34.277744, -118.625212 34.275033, -118.633249 34.269683, -118.632299 34.263567, -118.632539 34.242028, -118.636602 34.291729, -118.729563 34.481222, -118.68655 34.481659, -118.686041 34.474467, -118.677684 34.474358, -118.67769 34.471812), (-118.678299 34.452959, -118.682715 34.451448, -118.682716 34.449327, -118.676092 34.448904, -118.676099 34.445666, -118.658532 34.444806, -118.658619 34.438252, -118.65423 34.438239, -118.654158 34.443824, -118.648815 34.444536, -118.651031 34.448411, -118.657552 34.446618, -118.658425 34.45287, -118.667251 34.452904, -118.66728 34.449261, -118.670838 34.44927, -118.675229 34.449319, -118.676069 34.452964, -118.678299 34.452959), (-118.596939 34.407327, -118.585438 34.396797, -118.599605 34.396222, -118.605564 34.390071, -118.600909 34.384761, -118.583472 34.379098, -118.594047 34.377504, -118.59396 34.37062, -118.589945 34.374609, -118.583723 34.373092, -118.581185 34.378806, -118.575454 34.378965, -118.575022 34.375005, -118.570318 34.374389, -118.571178 34.371921, -118.562114 34.37143, -118.570997 34.380945, -118.575582 34.381672, -118.571892 34.38449, -118.581761 34.417752, -118.596939 34.407327))",85.66666666666667
Universal City,"POLYGON ((-118.347168 34.142177, -118.345038 34.142446, -118.34323 34.138214, -118.348775 34.131386, -118.358605 34.139496, -118.362342 34.138696, -118.361267 34.142686, -118.347168 34.142177))",104.8970099667774
University Park,"POLYGON ((-118.282819 34.018416, -118.291502 34.018416, -118.291508 34.036812, -118.279307 34.037812, -118.274107 34.035412, -118.274607 34.026512, -118.279743 34.018468, -118.282819 34.018416))",83.47566063977747
Valley Glen,"POLYGON ((-118.418214 34.205304, -118.4046 34.202854, -118.401504 34.18642, -118.388813 34.172105, -118.440114 34.172005, -118.440115 34.193904, -118.431415 34.193904, -118.431415 34.201104, -118.426792 34.201117, -118.427315 34.207004, -118.418214 34.205304))",88.49868051417383
Valley Village,"POLYGON ((-118.38991 34.172106, -118.384052 34.168351, -118.378247 34.154606, -118.413808 34.156677, -118.413666 34.172003, -118.38991 34.172106))",90.41060606060606
Van Nuys,"POLYGON ((-118.473031 34.221106, -118.467616 34.221103, -118.466216 34.214904, -118.427215 34.207304, -118.426792 34.201117, -118.431415 34.201104, -118.431415 34.193904, -118.440115 34.193904, -118.440114 34.172005, -118.467615 34.171905, -118.469566 34.179238, -118.466216 34.180405, -118.474716 34.185805, -118.490348 34.186433, -118.494617 34.208304, -118.501017 34.208304, -118.500918 34.220903, -118.473031 34.221106))",86.2101394443844
Venice,"MULTIPOLYGON (((-118.451811 33.964511, -118.453588 33.963783, -118.451818 33.96452, -118.451811 33.964511)), ((-118.45602 34.009879, -118.444357 33.994621, -118.448472 33.993359, -118.447811 33.990511, -118.441725 33.983406, -118.455051 33.986416, -118.46348 33.981049, -118.453024 33.966795, -118.461931 33.962667, -118.459632 33.965803, -118.463584 33.973072, -118.483966 33.993463, -118.45602 34.009879)))",88.71023508137432
Vermont Knolls,"POLYGON ((-118.280707 33.974614, -118.280807 33.959914, -118.300207 33.959484, -118.300207 33.974514, -118.280707 33.974614))",89.43372673626872
Vermont Square,"POLYGON ((-118.282707 34.011113, -118.280607 33.993314, -118.317108 33.993013, -118.317008 34.010912, -118.282707 34.011113))",88.69762448923056
Vermont Vista,"POLYGON ((-118.282607 33.959914, -118.279306 33.947214, -118.281206 33.923615, -118.291548 33.923502, -118.291596 33.95941, -118.282607 33.959914))",89.78571428571429
Vermont-Slauson,"POLYGON ((-118.280607 33.993314, -118.280707 33.974614, -118.300207 33.974514, -118.300208 33.993113, -118.280607 33.993314))",90.09491268033409
Vernon,"POLYGON ((-118.215206 34.015023, -118.192309 34.012837, -118.193514 34.009707, -118.167156 33.998623, -118.16833 33.996025, -118.175455 33.998347, -118.178051 33.995517, -118.172557 33.986459, -118.184303 33.994454, -118.203431 33.99667, -118.204144 33.983331, -118.212612 33.984194, -118.215221 33.991616, -118.223607 33.991475, -118.223497 33.996358, -118.229687 33.995692, -118.230284 33.989214, -118.237918 33.989393, -118.239708 34.014713, -118.215206 34.015023))",91.95348837209302
Veterans Administration,"POLYGON ((-118.459931 34.059051, -118.455161 34.060243, -118.459623 34.065445, -118.454681 34.066799, -118.445624 34.055295, -118.449087 34.053351, -118.448359 34.049367, -118.452222 34.04706, -118.454243 34.049417, -118.456841 34.048024, -118.467953 34.06091, -118.468893 34.065871, -118.466731 34.067708, -118.459931 34.059051))",91.66369047619048
View Park-Windsor Hills,"POLYGON ((-118.333801 34.004501, -118.331629 33.996333, -118.337282 33.996308, -118.337266 33.988491, -118.352681 33.989335, -118.352683 33.983059, -118.36126 33.983034, -118.365375 33.998339, -118.357888 33.997112, -118.351349 34.004553, -118.341679 34.004623, -118.335688 34.008258, -118.333801 34.004501))",89.17647058823529
Watts,"POLYGON ((-118.244214 33.953783, -118.233995 33.953264, -118.234026 33.948243, -118.230631 33.947234, -118.234823 33.945569, -118.230165 33.945648, -118.225667 33.92992, -118.254206 33.929462, -118.254106 33.943315, -118.249138 33.943273, -118.248839 33.953358, -118.244214 33.953783))",87.78345498783455
West Adams,"POLYGON ((-118.334009 34.034611, -118.335109 34.022712, -118.376548 34.026796, -118.36961 34.035011, -118.334009 34.034611))",89.44184180972245
West Carson,"POLYGON ((-118.298284 33.846349, -118.284917 33.846239, -118.288882 33.80246, -118.286737 33.797818, -118.299146 33.797796, -118.298284 33.846349))",93.80851063829788
West Hills,"POLYGON ((-118.605122 34.22732, -118.605814 34.219602, -118.614621 34.219404, -118.61462 34.186404, -118.668111 34.183778, -118.668113 34.179204, -118.668176 34.189867, -118.667796 34.209329, -118.662764 34.209343, -118.662771 34.212923, -118.653241 34.212946, -118.652375 34.216419, -118.658959 34.215946, -118.658735 34.224578, -118.649712 34.227115, -118.648034 34.230987, -118.647094 34.223969, -118.631221 34.224703, -118.625314 34.227949, -118.61624 34.227149, -118.610219 34.235223, -118.604821 34.235303, -118.602621 34.230136, -118.605122 34.22732))",81.94463373083475
West Hollywood,"POLYGON ((-118.36856 34.098035, -118.361652 34.097178, -118.361542 34.094455, -118.343382 34.094328, -118.343393 34.088895, -118.352802 34.088962, -118.3528 34.087129, -118.366443 34.088924, -118.372485 34.085438, -118.373074 34.090248, -118.376951 34.08863, -118.377033 34.08304, -118.370302 34.083157, -118.370294 34.080169, -118.37525 34.082011, -118.377192 34.076479, -118.389733 34.07649, -118.389755 34.088495, -118.395844 34.091055, -118.38604 34.091036, -118.384378 34.093722, -118.381181 34.092104, -118.36856 34.098035))",94.78625954198473
West Los Angeles,"POLYGON ((-118.434212 34.03731, -118.444378 34.047762, -118.434391 34.050606, -118.424212 34.057509, -118.417111 34.04621, -118.434212 34.03731))",90.4013179571664
Westchester,"POLYGON ((-118.35828 33.983046, -118.370341 33.981636, -118.370148 33.967993, -118.372897 33.967607, -118.371239 33.963367, -118.37879 33.958895, -118.378843 33.952647, -118.370057 33.952672, -118.368216 33.92902, -118.378724 33.929008, -118.380286 33.930923, -118.42971 33.930712, -118.437731 33.949157, -118.431347 33.950242, -118.431404 33.956195, -118.43401 33.958012, -118.42821 33.962012, -118.43271 33.964612, -118.43811 33.963612, -118.43011 33.966812, -118.42531 33.965412, -118.41891 33.972312, -118.404769 33.976955, -118.401614 33.982284, -118.380341 33.976355, -118.371809 33.977318, -118.371703 33.983002, -118.35828 33.983046))",85.94235078427378
Westlake,"POLYGON ((-118.280308 34.07691, -118.261318 34.069747, -118.259507 34.061911, -118.255234 34.058059, -118.268507 34.046812, -118.281582 34.052597, -118.289208 34.052511, -118.286908 34.07651, -118.280308 34.07691))",89.99772656493305
Westmont,"POLYGON ((-118.292473 33.959514, -118.291525 33.930962, -118.317753 33.930901, -118.31772 33.945463, -118.313372 33.94546, -118.313387 33.938214, -118.309025 33.93821, -118.309015 33.941833, -118.305191 33.941845, -118.302448 33.949993, -118.300262 33.949999, -118.300267 33.959481, -118.292473 33.959514))",88.13186813186813
Westwood,"POLYGON ((-118.429912 34.079308, -118.423312 34.080008, -118.423289 34.075689, -118.418462 34.072361, -118.414428 34.064441, -118.434012 34.050809, -118.444378 34.047762, -118.449087 34.053351, -118.445624 34.055295, -118.454681 34.066799, -118.460203 34.065375, -118.466532 34.072918, -118.453913 34.076908, -118.445313 34.073708, -118.444513 34.076608, -118.434213 34.082708, -118.429912 34.079308))",87.07123735871505
Willowbrook,"POLYGON ((-118.230054 33.928094, -118.228034 33.919832, -118.22409 33.919799, -118.222371 33.908826, -118.236104 33.905952, -118.236097 33.913753, -118.238984 33.91771, -118.254457 33.917311, -118.254456 33.912932, -118.260927 33.912716, -118.260913 33.905567, -118.263508 33.905531, -118.263659 33.902348, -118.282254 33.9019, -118.282086 33.923201, -118.253594 33.923095, -118.254268 33.929462, -118.230054 33.928094))",87.15384615384616
Wilmington,"POLYGON ((-118.224761 33.824607, -118.222436 33.804152, -118.227681 33.789944, -118.220669 33.782537, -118.241948 33.76653, -118.250028 33.764321, -118.251199 33.766797, -118.2475 33.765536, -118.249242 33.77113, -118.242541 33.7773, -118.2493 33.773408, -118.25937 33.761064, -118.259798 33.766364, -118.263217 33.766275, -118.261066 33.759395, -118.267325 33.753097, -118.268074 33.758724, -118.265235 33.763229, -118.270459 33.758947, -118.269659 33.753772, -118.271998 33.754393, -118.274209 33.757229, -118.270619 33.766973, -118.277333 33.766193, -118.27858 33.76901, -118.275542 33.760738, -118.278277 33.757514, -118.292204 33.753618, -118.297705 33.782217, -118.289404 33.778517, -118.280404 33.779017, -118.282104 33.790617, -118.286905 33.797717, -118.264502 33.799132, -118.264603 33.804697, -118.256512 33.804774, -118.258445 33.799442, -118.237482 33.800481, -118.230261 33.792772, -118.22394 33.806219, -118.228503 33.824375, -118.226622 33.829531, -118.224761 33.824607))",85.45894768355662
Windsor Square,"POLYGON ((-118.313709 34.07631, -118.314436 34.061907, -118.325909 34.06201, -118.326209 34.07631, -118.313709 34.07631))",90.83121827411168
Winnetka,"POLYGON ((-118.562213 34.231503, -118.562318 34.186504, -118.569759 34.185337, -118.575135 34.188151, -118.588319 34.188204, -118.58832 34.235303, -118.58168 34.235065, -118.580479 34.231517, -118.57102 34.231503, -118.571021 34.235582, -118.56222 34.233803, -118.562213 34.231503))",88.80387379705202
Woodland Hills,"POLYGON ((-118.57569 34.188224, -118.569759 34.185337, -118.562318 34.186504, -118.562318 34.170405, -118.565922 34.17046, -118.565918 34.163605, -118.562313 34.161578, -118.567918 34.145005, -118.567918 34.137906, -118.564053 34.13191, -118.565867 34.130593, -118.614978 34.149267, -118.614971 34.147277, -118.629153 34.146899, -118.638483 34.157597, -118.641276 34.156633, -118.639735 34.159091, -118.641975 34.161975, -118.645553 34.161985, -118.645534 34.165696, -118.654281 34.165722, -118.654264 34.169427, -118.658721 34.169276, -118.658589 34.176749, -118.668153 34.17675, -118.668111 34.183778, -118.57569 34.188224))",88.01567796610169
